<?xml version="1.0" encoding="UTF-8"?>
<root>
  <item name="moe.shizuku.manager.ShizukuSettings int getLastLaunchMode()">
    <annotation name="androidx.annotation.IntDef">
      <val name="value" val="{moe.shizuku.manager.ShizukuSettings.LaunchMethod.UNKNOWN, moe.shizuku.manager.ShizukuSettings.LaunchMethod.ROOT, moe.shizuku.manager.ShizukuSettings.LaunchMethod.ADB}" />
    </annotation>
  </item>
  <item name="moe.shizuku.manager.ShizukuSettings void setLastLaunchMode(int) 0">
    <annotation name="androidx.annotation.IntDef">
      <val name="value" val="{moe.shizuku.manager.ShizukuSettings.LaunchMethod.UNKNOWN, moe.shizuku.manager.ShizukuSettings.LaunchMethod.ROOT, moe.shizuku.manager.ShizukuSettings.LaunchMethod.ADB}" />
    </annotation>
  </item>
  <item name="moe.shizuku.manager.ShizukuSettings.LaunchMethod">
    <annotation name="androidx.annotation.IntDef">
      <val name="value" val="{moe.shizuku.manager.ShizukuSettings.LaunchMethod.UNKNOWN, moe.shizuku.manager.ShizukuSettings.LaunchMethod.ROOT, moe.shizuku.manager.ShizukuSettings.LaunchMethod.ADB}" />
    </annotation>
  </item>
</root>

